{
  "language": {
    "id": 1,
    "name": "Test language 1",
    "user_id": 1,
    "head": 5,
    "total_score": 7
  },
  "words": [
    {
      "id": 1,
      "original": "original 1",
      "translation": "translation 1",
      "memory_value": 0,
      "incorrect_count": 0,
      "correct_count": 0,
      "language_id": 1,
      "next": 2
    },
    {
      "id": 2,
      "original": "original 2",
      "translation": "translation 2",
      "memory_value": 0,
      "incorrect_count": 0,
      "correct_count": 2,
      "language_id": 1,
      "next": 3
    },
    {
      "id": 3,
      "original": "original 3",
      "translation": "translation 3",
      "memory_value": 0,
      "incorrect_count": 3,
      "correct_count": 6,
      "language_id": 1,
      "next": 4
    },
    {
      "id": 4,
      "original": "original 4",
      "translation": "translation 4",
      "memory_value": 0,
      "incorrect_count": 2,
      "correct_count": 6,
      "language_id": 1,
      "next": 5
    },
    {
      "id": 5,
      "original": "original 5",
      "translation": "translation 5",
      "memory_value": 0,
      "incorrect_count": 0,
      "correct_count": 9,
      "language_id": 1,
      "next": null
    }
  ]
}
